{
	"class_name" : "PinholeCameraParameters",
	"extrinsic" : 
	[
		0.76086152405962282,
		0.029799966532807986,
		-0.64822966855915476,
		0.0,
		-0.017342672504209351,
		-0.99765435434444916,
		-0.066219490846518056,
		0.0,
		-0.64868249006434575,
		0.061625897577267559,
		-0.75856000147102165,
		0.0,
		-4.3007918919216053,
		-1.312945810496378,
		40.588778222934096,
		1.0
	],
	"intrinsic" : 
	{
		"height" : 1080,
		"intrinsic_matrix" : 
		[
			935.30743608719376,
			0.0,
			0.0,
			0.0,
			935.30743608719376,
			0.0,
			959.5,
			539.5,
			1.0
		],
		"width" : 1920
	},
	"version_major" : 1,
	"version_minor" : 0
}